[{"family":"MaterialIcons","fonts":[{"asset":"fonts/MaterialIcons-Regular.otf"}]},{"family":"NunitoSans-Bold","fonts":[{"weight":300,"asset":"assets/fonts/NunitoSans-Bold.ttf"}]},{"family":"NunitoSans-Regular","fonts":[{"weight":400,"asset":"assets/fonts/NunitoSans-Regular.ttf"}]},{"family":"NunitoSans-SemiBold","fonts":[{"weight":600,"asset":"assets/fonts/NunitoSans-SemiBold.ttf"}]},{"family":"NunitoSans-Bold","fonts":[{"weight":700,"asset":"assets/fonts/NunitoSans-Bold.ttf"}]},{"family":"packages/cupertino_icons/CupertinoIcons","fonts":[{"asset":"packages/cupertino_icons/assets/CupertinoIcons.ttf"}]}]